max,min,avg
90,15,47.666666666666664
84,13,54.75
95,30,59.333333333333336
28,4,13.25
83,14,44.6
97,31,69.0
90,9,36.8
90,24,57.5
66,29,41.6
77,74,75.5
